{"cameraMode":{"drawMode":0,"name":"Shaded","section":"Shading Mode"},"sceneLighting":true,"audioPlay":false,"sceneViewState":{"showFog":true,"showMaterialUpdate":false,"showSkybox":true,"showFlares":true,"showImageEffects":true,"showParticleSystems":true},"in2DMode":false,"pivot":{"x":0.0,"y":3.8540000915527345,"z":-0.009999990463256836},"rotation":{"x":-0.12296437472105026,"y":-0.023222828283905984,"z":0.0028794172685593368,"w":-0.9921369552612305},"size":3.5660250186920168,"orthographic":false}